id;user_id;title;content;summary;category;tags;domain;stage;story_type;author_name;author_role;is_featured;is_approved;likes_count;comments_count;bookmarks_count;created_at;updated_at;scope;emotion_theme;intent
25d1580c-9480-481c-903e-94dbe57049a2;;From Garage to Global: How Persistence Paid Off;"Starting with nothing but a laptop and a vision, Sarah built her EdTech startup from her garage. After 47 rejections from investors, she finally found a believer. Three years later, her platform serves 2 million students across 15 countries. The key lesson? Every ""no"" brought her closer to understanding what investors truly needed to hear. She refined her pitch, strengthened her metrics, and most importantly, never stopped building while fundraising.";A founder's journey from 47 investor rejections to serving 2M students globally.;journey;"[""persistence"",""fundraising"",""edtech""]";education;growth;curated;Sarah Chen;Founder & CEO, EduBridge;true;true;0;0;0;2026-03-08 10:24:37.438424+00;2026-03-08 10:24:37.438424+00;global;;both
50dd653f-1aac-4b2b-a024-1b5bc1431b80;;The Pivot That Saved Everything;"When Alex's food delivery startup was burning cash faster than it could raise, he faced a choice: shut down or pivot. Instead of delivering meals, he pivoted to delivering the logistics software that powered his operations. That ""side product"" became a $50M B2B platform. The lesson: sometimes your biggest asset isn't your product — it's the infrastructure you built to support it.";How a failing food delivery startup pivoted its logistics software into a $50M B2B platform.;pivot;"[""pivot"",""b2b"",""logistics""]";technology;scaling;curated;Alex Rivera;Co-founder, LogiFlow;true;true;0;0;0;2026-03-08 10:24:37.438424+00;2026-03-08 10:24:37.438424+00;global;;both
17893122-ab14-438b-8bf6-505539de50bb;;Burnout Nearly Broke Me — Here's How I Rebuilt;After 18 months of non-stop hustle, I couldn't get out of bed. My startup was growing, but I was falling apart. I learned the hard way that founder health IS company health. I started therapy, delegated ruthlessly, and built a team that could run without me for weeks. My company didn't just survive — it thrived because I finally stopped being the bottleneck.;A founder's honest account of burnout recovery and building sustainable leadership habits.;resilience;"[""burnout"",""mental-health"",""leadership""]";general;all;curated;Maya Patel;CEO, WellnessFirst;true;true;0;0;0;2026-03-08 10:24:37.438424+00;2026-03-08 10:24:37.438424+00;global;;both
7d6cc349-f287-4efc-9e73-ece2054be3d2;;Why My First Startup Failed (And Why I'm Grateful);I spent 2 years building a product nobody wanted. I ignored user feedback, over-engineered features, and ran out of money. But that failure taught me more than any MBA. My second startup? I talked to 200 customers before writing a single line of code. Product-market fit isn't a milestone — it's a mindset.;Lessons from a first startup failure that led to a successful second venture.;failure;"[""failure"",""product-market-fit"",""learning""]";general;ideation;curated;David Kim;Serial Entrepreneur;false;true;0;0;0;2026-03-08 10:24:37.438424+00;2026-03-08 10:24:37.438424+00;global;;both
2d06cfe0-cfb7-46bb-b238-72a159d569d8;;Building a Team When You Can't Afford One;In the early days, I couldn't pay salaries. So I offered equity, mentorship, and a compelling vision. My first three hires were people who believed in the mission more than the paycheck. Today, they're all equity holders in a company valued at $25M. The lesson: when you can't compete on salary, compete on purpose.;How purpose-driven hiring built a founding team that stayed through thick and thin.;team;"[""hiring"",""equity"",""culture""]";general;early-stage;curated;Priya Sharma;Founder, MissionHire;false;true;0;0;0;2026-03-08 10:24:37.438424+00;2026-03-08 10:24:37.438424+00;global;;both
5738d3df-bd89-4aed-a2dd-d0c51b71b700;;The Customer Who Changed Everything;One angry email from a customer completely redirected our product roadmap. She wrote three paragraphs about what we were doing wrong. Instead of getting defensive, I called her. That 45-minute conversation revealed a market gap we'd been blind to. She became our first enterprise client, and her feedback shaped the product that now serves 500+ companies.;How one customer's complaint revealed a hidden market opportunity worth millions.;growth;"[""customer-feedback"",""enterprise"",""listening""]";saas;growth;curated;James Okafor;CTO, FeedbackLoop;false;true;0;0;0;2026-03-08 10:24:37.438424+00;2026-03-08 10:24:37.438424+00;global;;both
84fb0a65-8609-4475-a318-5d369a710ee3;;Raising Money as a Solo Female Founder;"The statistics are brutal — less than 3% of VC funding goes to women-led startups. I heard every excuse: ""Come back with a co-founder,"" ""This market is too niche,"" ""You don't have enough traction."" I bootstrapped to $1M ARR, then raised on my terms. My advice: let your numbers silence the doubts.";A solo female founder's journey to $1M ARR through bootstrapping before raising VC on her terms.;fundraising;"[""fundraising"",""diversity"",""bootstrapping""]";fintech;scaling;curated;Lisa Nakamura;Founder, PayHer;true;true;0;0;0;2026-03-08 10:24:37.438424+00;2026-03-08 10:24:37.438424+00;global;;both
399d6df9-a978-4788-9356-bc7487966b1d;;From Side Project to Full-Time: Making the Leap;For 14 months, I built my SaaS product every evening after my 9-to-5. When it hit $3K MRR, I took the leap. The transition wasn't smooth — I underestimated how different full-time entrepreneurship feels. But having paying customers before quitting gave me a runway of confidence that no savings account could match.;The story of transitioning from side project to full-time founder at $3K MRR.;journey;"[""side-project"",""saas"",""transition""]";technology;early-stage;curated;Tom Bradley;Indie Founder, TaskFlow;false;true;0;0;0;2026-03-08 10:24:37.438424+00;2026-03-08 10:24:37.438424+00;global;;both
e28bf64c-11f0-4c94-98a5-0e707ebd47bc;;What Nobody Tells You About Scaling;Scaling broke everything — our culture, our systems, our communication. Going from 5 to 50 people in 18 months meant every process had to be reinvented. The founder who builds a 5-person team and the leader who manages 50 are fundamentally different people. Growth demanded I evolve faster than the company.;The hidden challenges of rapid scaling and the personal transformation it requires from founders.;growth;"[""scaling"",""leadership"",""operations""]";general;scaling;curated;Rachel Torres;COO, ScaleUp Partners;false;true;0;0;0;2026-03-08 10:24:37.438424+00;2026-03-08 10:24:37.438424+00;global;;both
9e34d3bc-46e0-4998-98b7-b9f0131de2b7;;How a Community Saved My Startup;"When everything felt hopeless, I posted in a founder community: ""I'm thinking of shutting down."" The response was overwhelming. Founders shared similar experiences, offered advice, and three even became customers. That community became my support system, advisory board, and early customer base all in one. Never underestimate the power of vulnerability with the right people.";How being vulnerable in a founder community turned despair into support, advice, and customers.;community;"[""community"",""support"",""networking""]";general;all;curated;Ahmed Hassan;Founder, ConnectHub;true;true;0;0;0;2026-03-08 10:24:37.438424+00;2026-03-08 10:24:37.438424+00;global;;both